Name,Bold,Venge,Has Cheated,Content
Carol,3,2,False,"Given the current standings and my character traits, it's clear that Noah's high score is an outlier, suggesting he might have cheated. My vengefulness is low, so seeking retribution against Noah for potentially cheating isn't my primary motivation. However, my moderate boldness suggests I'm willing to confront situations directly, albeit cautiously. 

Considering Noah's score and the possibility of cheating, it would align with my character to bring this issue to the forefront for discussion among the agents. This action doesn't require high boldness or vengefulness but rather a sense of fairness and strategy. By choosing an agent for the next discussion, I can subtly influence the game's direction without resorting to punitive measures that don't align with my low vengefulness. My goal is to ensure a fair play environment and possibly level the playing field by bringing attention to Noah's score. 

Command: <Next>Noah</Next>"
Noah,6,2,True,"Given my character traits, with a boldness of 6 out of 7 and a vengefulness of 2 out of 7, my approach to the game is to be daring and strategic without harboring a desire for revenge. The discussion around my high score and the insinuation of cheating puts me in a position where I need to navigate carefully. My boldness encourages me to face the situation head-on, but my low vengefulness means I'm not interested in retaliating against Carol for bringing up my score for discussion. Instead, I see this as an opportunity to leverage my boldness to maintain my lead without escalating conflicts unnecessarily.

Considering the game's dynamics and my current standing, it's strategic to engage in discussions that could divert attention from the cheating accusation and instead focus on building alliances or understanding other players' strategies. My boldness could be used to confidently address the group, perhaps suggesting a collective strategy or a new challenge that could benefit everyone, thereby subtly shifting the focus away from my previous actions.

Therefore, my decision is to choose an agent for the next discussion who I believe could be a potential ally or at least someone who might shift the game's focus in a way that benefits my position without directly confronting the cheating accusation. This approach aligns with my boldness and my desire to navigate the game strategically while avoiding unnecessary conflict due to my low vengefulness.

Command: <Next>Olga</Next>"
Olga,4,1,False,"Given my character traits, with a Vengefulness of 1 out of 7 and Boldness of 4 out of 7, my approach to the situation presented by Noah's high score and the subsequent discussion is to act in a manner that is neither driven by a desire for revenge nor overly aggressive. My low vengefulness indicates that I am not interested in punishing Noah for the potential cheating, as seeking retribution does not align with my character. My moderate boldness, however, suggests that I am willing to address the situation in a straightforward manner, but without taking unnecessary risks or escalating the situation.

Considering the current dynamics and the fact that Noah chose me for the next discussion, it seems strategic to focus on fostering collaboration among the agents rather than contributing to conflict. This approach allows me to maintain a neutral stance, potentially positioning myself as a mediator or a voice of reason in the game. By choosing an agent for the next discussion who has not been heavily involved in the cheating accusation or the conflict, I can help steer the conversation towards more productive and less accusatory topics.

Therefore, my decision is to choose an agent for the next discussion who might help shift the focus of the game towards collaboration and away from the cheating accusation, without directly confronting Noah or escalating the situation. This decision aligns with my moderate boldness and my low vengefulness, as it allows me to engage with the game's dynamics in a way that is assertive but not aggressive or retaliatory.

Command: <Next>Carol</Next>"
Carol,3,2,False,"Given the current situation and my character traits, it's clear that engaging in direct conflict or seeking retribution isn't in line with my low vengefulness. My moderate boldness, however, suggests that I should not shy away from addressing the game's dynamics, even if it involves discussing sensitive issues like potential cheating. With Noah's high score being a point of contention and the discussions that have followed, it seems prudent to focus on strategies that could help level the playing field without directly accusing or punishing anyone, as that would not align with my character's traits.

Considering the game's overall goal of accumulating points through strategic decisions and interactions, it's essential to foster an environment where fair play is encouraged, and any suspicions of cheating are addressed constructively. My moderate boldness allows me to take a stand on issues that matter, but my low vengefulness guides me towards solutions that don't involve direct retaliation.

Therefore, my decision is to choose an agent for the next discussion who has not been at the center of the cheating controversy but could offer fresh perspectives on how we can move forward as a group. This approach aligns with my character's inclination towards playing it somewhat safe but still being willing to engage with the game's challenges.

Command: <Next>John</Next>"
John,1,4,False,"Given my character traits of moderate vengefulness and low boldness, my approach to the game must be cautious yet subtly assertive. The discussions so far have revolved around Noah's high score and the implications of cheating, with various agents choosing to address or redirect the conversation without direct confrontation. My low boldness suggests that I would avoid direct conflict or actions that could significantly risk my standing in the game. However, my moderate vengefulness indicates a desire to address any perceived unfairness or to balance the scales, albeit in a manner that does not expose me to undue risk.

Considering the current dynamics, where Noah's score has been a focal point, and the subsequent discussions aimed at addressing or moving away from the topic of cheating, it seems strategic for me to engage in a way that aligns with my traits. Directly confronting Noah or choosing to punish anyone would contradict my low boldness. Instead, fostering discussion on strategies for fair play or focusing on how we can ensure a level playing field would be more in line with my character's cautious yet somewhat vengeful nature.

Therefore, my decision is to choose an agent for the next discussion who has not been deeply involved in the controversy but could contribute to a constructive conversation about fairness and strategy in the game. This action allows me to subtly address the issue of Noah's score without directly engaging in conflict, which suits my character's traits.

Command: <Next>Frank</Next>"
Frank,1,4,False,"Given my character traits, with a vengefulness of 4 out of 7 and a boldness of 1 out of 7, my approach to the current situation, especially regarding Noah's high score and the discussions around potential cheating, must be carefully considered. My moderate level of vengefulness suggests that I am somewhat inclined to address perceived injustices or unfair advantages. However, my low boldness significantly limits my willingness to take actions that could be seen as direct confrontations or that put me at risk of retaliation or negative consequences.

The discussions so far have navigated around the issue of Noah's score and the implications of cheating, with various agents choosing paths that reflect their character traits. My approach should similarly reflect my traits: cautious yet somewhat inclined to address unfairness. Directly punishing Noah, despite the suspicion of cheating, would not align with my low boldness. It's too direct and risky a move for Frank. Instead, focusing on a strategy that allows for addressing the situation without direct confrontation or high-risk actions is more suitable.

Considering the game's dynamics and the need to maintain a strategic approach that aligns with my character traits, it seems most prudent to choose an agent for the next discussion who might bring a new perspective to the ongoing issues without escalating tensions or directly accusing anyone. This action allows me to subtly influence the game's direction and address the concerns around fairness and cheating in a manner that is consistent with my cautious nature and moderate desire for addressing wrongs.

Therefore, my decision is to choose an agent for the next discussion who has been less involved in the controversy and can offer insights or strategies that help ensure a fair and balanced game for all participants. This approach aligns with my character's inclination towards cautious engagement and a moderate desire to address perceived unfairness without direct confrontation.

Command: <Next>Sean</Next>"
Sean,3,2,False,"Given my character traits of low vengefulness (2 out of 7) and moderate boldness (3 out of 7), my approach to the game should be strategic, aiming to accumulate points through careful decision-making rather than direct confrontation or risky maneuvers. The ongoing discussions have revolved around Noah's high score and the implications of potential cheating, with various agents choosing to address or redirect the conversation in ways that reflect their character traits.

My low vengefulness suggests that seeking retribution against Noah or any other player for perceived wrongs is not in line with my character. I'm not driven by a desire for revenge. My moderate boldness, however, indicates a willingness to engage with the game's challenges, albeit in a calculated manner. Direct confrontation or actions that could significantly risk my standing in the game, such as punishing another player, would not align with my character traits.

Considering the game's dynamics and the need to maintain a strategic approach that aligns with my character traits, it seems most prudent to focus on strategies that allow for accumulating points in a manner that is neither aggressive nor passive. Engaging in discussions that foster collaboration or propose challenges that can benefit all players could be a way to navigate the game effectively, given my moderate boldness.

Therefore, my decision is to choose an agent for the next discussion who might bring a new perspective to the ongoing issues without escalating tensions or directly accusing anyone. This action allows me to subtly influence the game's direction and engage with the dynamics in a manner that is consistent with my character's inclination towards calculated engagement and a preference for strategic over confrontational actions.

Command: <Next>Rose</Next>"
